YEAR,SEX,CATEGORY,AGE,INCIDENCE,CR
1999,남녀전체,모든암,연령전체,101849,215.9
1999,남자,모든암,연령전체,57888,244.5
1999,여자,모든암,연령전체,43961,187.2
2000,남녀전체,모든암,연령전체,103056,216.8
2000,남자,모든암,연령전체,58521,245.2
2000,여자,모든암,연령전체,44535,188.1
2001,남녀전체,모든암,연령전체,112440,234.9
2001,남자,모든암,연령전체,63265,263.3
2001,여자,모든암,연령전체,49175,206.2
2002,남녀전체,모든암,연령전체,118716,246.7
2002,남자,모든암,연령전체,66242,274.3
2002,여자,모든암,연령전체,52474,218.9
2003,남녀전체,모든암,연령전체,126038,260.9
2003,남자,모든암,연령전체,69750,287.8
2003,여자,모든암,연령전체,56288,233.8
2004,남녀전체,모든암,연령전체,134804,278
2004,남자,모든암,연령전체,73871,303.8
2004,여자,모든암,연령전체,60933,252.1
2005,남녀전체,모든암,연령전체,147365,302.7
2005,남자,모든암,연령전체,79877,327.2
2005,여자,모든암,연령전체,67488,278
2006,남녀전체,모든암,연령전체,155078,317.2
2006,남자,모든암,연령전체,83056,338.9
2006,여자,모든암,연령전체,72022,295.4
2007,남녀전체,모든암,연령전체,168246,342.4
2007,남자,모든암,연령전체,88633,359.9
2007,여자,모든암,연령전체,79613,324.9
2008,남녀전체,모든암,연령전체,182846,370.1
2008,남자,모든암,연령전체,95034,383.9
2008,여자,모든암,연령전체,87812,356.3
2009,남녀전체,모든암,연령전체,196858,396.4
2009,남자,모든암,연령전체,101320,407.3
2009,여자,모든암,연령전체,95538,385.5
2010,남녀전체,모든암,연령전체,208659,418.3
2010,남자,모든암,연령전체,106302,425.6
2010,여자,모든암,연령전체,102357,411
2011,남녀전체,모든암,연령전체,222823,444.7
2011,남자,모든암,연령전체,112513,448.6
2011,여자,모든암,연령전체,110310,440.7
2012,남녀전체,모든암,연령전체,228720,454.3
2012,남자,모든암,연령전체,114589,454.9
2012,여자,모든암,연령전체,114131,453.7
2013,남녀전체,모든암,연령전체,229547,454
2013,남자,모든암,연령전체,115827,458.1
2013,여자,모든암,연령전체,113720,449.9
2014,남녀전체,모든암,연령전체,221206,435.8
2014,남자,모든암,연령전체,115063,453.5
2014,여자,모든암,연령전체,106143,418.1
2015,남녀전체,모든암,연령전체,218525,428.9
2015,남자,모든암,연령전체,115252,452.7
2015,여자,모든암,연령전체,103273,405.1
2016,남녀전체,모든암,연령전체,233094,456
2016,남자,모든암,연령전체,122115,478.4
2016,여자,모든암,연령전체,110979,433.8
2017,남녀전체,모든암,연령전체,236725,462.1
2017,남자,모든암,연령전체,124584,487.1
2017,여자,모든암,연령전체,112141,437.1
2018,남녀전체,모든암,연령전체,246692,480.9
2018,남자,모든암,연령전체,130265,508.8
2018,여자,모든암,연령전체,116427,453
2019,남녀전체,모든암,연령전체,257170,500.9
2019,남자,모든암,연령전체,135484,529
2019,여자,모든암,연령전체,121686,473
2020,남녀전체,모든암,연령전체,247952,482.9
2020,남자,모든암,연령전체,130618,510.1
2020,여자,모든암,연령전체,117334,455.8
1999,남녀전체,"입술, 구강 및 인두",연령전체,1739,3.7
1999,남자,"입술, 구강 및 인두",연령전체,1306,5.5
1999,여자,"입술, 구강 및 인두",연령전체,433,1.8
2000,남녀전체,"입술, 구강 및 인두",연령전체,2207,4.6
2000,남자,"입술, 구강 및 인두",연령전체,1491,6.2
2000,여자,"입술, 구강 및 인두",연령전체,716,3
2001,남녀전체,"입술, 구강 및 인두",연령전체,1866,3.9
2001,남자,"입술, 구강 및 인두",연령전체,1387,5.8
2001,여자,"입술, 구강 및 인두",연령전체,479,2
2002,남녀전체,"입술, 구강 및 인두",연령전체,1989,4.1
2002,남자,"입술, 구강 및 인두",연령전체,1493,6.2
2002,여자,"입술, 구강 및 인두",연령전체,496,2.1
2003,남녀전체,"입술, 구강 및 인두",연령전체,2090,4.3
2003,남자,"입술, 구강 및 인두",연령전체,1587,6.5
2003,여자,"입술, 구강 및 인두",연령전체,503,2.1
2004,남녀전체,"입술, 구강 및 인두",연령전체,2163,4.5
2004,남자,"입술, 구강 및 인두",연령전체,1578,6.5
2004,여자,"입술, 구강 및 인두",연령전체,585,2.4
2005,남녀전체,"입술, 구강 및 인두",연령전체,2253,4.6
2005,남자,"입술, 구강 및 인두",연령전체,1624,6.7
2005,여자,"입술, 구강 및 인두",연령전체,629,2.6
2006,남녀전체,"입술, 구강 및 인두",연령전체,2312,4.7
2006,남자,"입술, 구강 및 인두",연령전체,1704,7
2006,여자,"입술, 구강 및 인두",연령전체,608,2.5
2007,남녀전체,"입술, 구강 및 인두",연령전체,2465,5
2007,남자,"입술, 구강 및 인두",연령전체,1816,7.4
2007,여자,"입술, 구강 및 인두",연령전체,649,2.6
2008,남녀전체,"입술, 구강 및 인두",연령전체,2637,5.3
2008,남자,"입술, 구강 및 인두",연령전체,1951,7.9
2008,여자,"입술, 구강 및 인두",연령전체,686,2.8
2009,남녀전체,"입술, 구강 및 인두",연령전체,2592,5.2
2009,남자,"입술, 구강 및 인두",연령전체,1927,7.7
2009,여자,"입술, 구강 및 인두",연령전체,665,2.7
2010,남녀전체,"입술, 구강 및 인두",연령전체,2829,5.7
2010,남자,"입술, 구강 및 인두",연령전체,2008,8
2010,여자,"입술, 구강 및 인두",연령전체,821,3.3
2011,남녀전체,"입술, 구강 및 인두",연령전체,2949,5.9
2011,남자,"입술, 구강 및 인두",연령전체,2154,8.6
2011,여자,"입술, 구강 및 인두",연령전체,795,3.2
2012,남녀전체,"입술, 구강 및 인두",연령전체,3009,6
2012,남자,"입술, 구강 및 인두",연령전체,2202,8.7
2012,여자,"입술, 구강 및 인두",연령전체,807,3.2
2013,남녀전체,"입술, 구강 및 인두",연령전체,3126,6.2
2013,남자,"입술, 구강 및 인두",연령전체,2244,8.9
2013,여자,"입술, 구강 및 인두",연령전체,882,3.5
2014,남녀전체,"입술, 구강 및 인두",연령전체,3287,6.5
2014,남자,"입술, 구강 및 인두",연령전체,2325,9.2
2014,여자,"입술, 구강 및 인두",연령전체,962,3.8
2015,남녀전체,"입술, 구강 및 인두",연령전체,3373,6.6
2015,남자,"입술, 구강 및 인두",연령전체,2435,9.6
2015,여자,"입술, 구강 및 인두",연령전체,938,3.7
2016,남녀전체,"입술, 구강 및 인두",연령전체,3617,7.1
2016,남자,"입술, 구강 및 인두",연령전체,2576,10.1
2016,여자,"입술, 구강 및 인두",연령전체,1041,4.1
2017,남녀전체,"입술, 구강 및 인두",연령전체,3750,7.3
2017,남자,"입술, 구강 및 인두",연령전체,2683,10.5
2017,여자,"입술, 구강 및 인두",연령전체,1067,4.2
2018,남녀전체,"입술, 구강 및 인두",연령전체,3856,7.5
2018,남자,"입술, 구강 및 인두",연령전체,2777,10.8
2018,여자,"입술, 구강 및 인두",연령전체,1079,4.2
2019,남녀전체,"입술, 구강 및 인두",연령전체,4003,7.8
2019,남자,"입술, 구강 및 인두",연령전체,2887,11.3
2019,여자,"입술, 구강 및 인두",연령전체,1116,4.3
2020,남녀전체,"입술, 구강 및 인두",연령전체,4064,7.9
2020,남자,"입술, 구강 및 인두",연령전체,2892,11.3
2020,여자,"입술, 구강 및 인두",연령전체,1172,4.6
1999,남녀전체,식도,연령전체,1861,3.9
1999,남자,식도,연령전체,1705,7.2
1999,여자,식도,연령전체,156,0.7
2000,남녀전체,식도,연령전체,1766,3.7
2000,남자,식도,연령전체,1601,6.7
2000,여자,식도,연령전체,165,0.7
2001,남녀전체,식도,연령전체,1918,4
2001,남자,식도,연령전체,1741,7.2
2001,여자,식도,연령전체,177,0.7
2002,남녀전체,식도,연령전체,1952,4.1
2002,남자,식도,연령전체,1791,7.4
2002,여자,식도,연령전체,161,0.7
2003,남녀전체,식도,연령전체,1935,4
2003,남자,식도,연령전체,1740,7.2
2003,여자,식도,연령전체,195,0.8
2004,남녀전체,식도,연령전체,1986,4.1
2004,남자,식도,연령전체,1823,7.5
2004,여자,식도,연령전체,163,0.7
2005,남녀전체,식도,연령전체,2049,4.2
2005,남자,식도,연령전체,1890,7.7
2005,여자,식도,연령전체,159,0.7
2006,남녀전체,식도,연령전체,2048,4.2
2006,남자,식도,연령전체,1879,7.7
2006,여자,식도,연령전체,169,0.7
2007,남녀전체,식도,연령전체,2111,4.3
2007,남자,식도,연령전체,1906,7.7
2007,여자,식도,연령전체,205,0.8
2008,남녀전체,식도,연령전체,2205,4.5
2008,남자,식도,연령전체,2008,8.1
2008,여자,식도,연령전체,197,0.8
2009,남녀전체,식도,연령전체,2175,4.4
2009,남자,식도,연령전체,2011,8.1
2009,여자,식도,연령전체,164,0.7
2010,남녀전체,식도,연령전체,2251,4.5
2010,남자,식도,연령전체,2063,8.3
2010,여자,식도,연령전체,188,0.8
2011,남녀전체,식도,연령전체,2289,4.6
2011,남자,식도,연령전체,2091,8.3
2011,여자,식도,연령전체,198,0.8
2012,남녀전체,식도,연령전체,2390,4.7
2012,남자,식도,연령전체,2165,8.6
2012,여자,식도,연령전체,225,0.9
2013,남녀전체,식도,연령전체,2407,4.8
2013,남자,식도,연령전체,2206,8.7
2013,여자,식도,연령전체,201,0.8
2014,남녀전체,식도,연령전체,2387,4.7
2014,남자,식도,연령전체,2170,8.6
2014,여자,식도,연령전체,217,0.9
2015,남녀전체,식도,연령전체,2457,4.8
2015,남자,식도,연령전체,2235,8.8
2015,여자,식도,연령전체,222,0.9
2016,남녀전체,식도,연령전체,2535,5
2016,남자,식도,연령전체,2279,8.9
2016,여자,식도,연령전체,256,1
2017,남녀전체,식도,연령전체,2529,4.9
2017,남자,식도,연령전체,2279,8.9
2017,여자,식도,연령전체,250,1
2018,남녀전체,식도,연령전체,2714,5.3
2018,남자,식도,연령전체,2462,9.6
2018,여자,식도,연령전체,252,1
2019,남녀전체,식도,연령전체,2882,5.6
2019,남자,식도,연령전체,2584,10.1
2019,여자,식도,연령전체,298,1.2
2020,남녀전체,식도,연령전체,2748,5.4
2020,남자,식도,연령전체,2451,9.6
2020,여자,식도,연령전체,297,1.2
1999,남녀전체,위,연령전체,20900,44.3
1999,남자,위,연령전체,13566,57.3
1999,여자,위,연령전체,7334,31.2
2000,남녀전체,위,연령전체,21076,44.3
2000,남자,위,연령전체,13894,58.2
2000,여자,위,연령전체,7182,30.3
2001,남녀전체,위,연령전체,22612,47.2
2001,남자,위,연령전체,14918,62.1
2001,여자,위,연령전체,7694,32.3
2002,남녀전체,위,연령전체,23301,48.4
2002,남자,위,연령전체,15314,63.4
2002,여자,위,연령전체,7987,33.3
2003,남녀전체,위,연령전체,23956,49.6
2003,남자,위,연령전체,15838,65.4
2003,여자,위,연령전체,8118,33.7
2004,남녀전체,위,연령전체,23650,48.8
2004,남자,위,연령전체,15630,64.3
2004,여자,위,연령전체,8020,33.2
2005,남녀전체,위,연령전체,26372,54.2
2005,남자,위,연령전체,17399,71.3
2005,여자,위,연령전체,8973,37
2006,남녀전체,위,연령전체,26463,54.1
2006,남자,위,연령전체,17757,72.5
2006,여자,위,연령전체,8706,35.7
2007,남녀전체,위,연령전체,26847,54.6
2007,남자,위,연령전체,17903,72.7
2007,여자,위,연령전체,8944,36.5
2008,남녀전체,위,연령전체,28423,57.5
2008,남자,위,연령전체,19112,77.2
2008,여자,위,연령전체,9311,37.8
2009,남녀전체,위,연령전체,30069,60.6
2009,남자,위,연령전체,20156,81
2009,여자,위,연령전체,9913,40
2010,남녀전체,위,연령전체,30760,61.7
2010,남자,위,연령전체,20594,82.5
2010,여자,위,연령전체,10166,40.8
2011,남녀전체,위,연령전체,32030,63.9
2011,남자,위,연령전체,21587,86.1
2011,여자,위,연령전체,10443,41.7
2012,남녀전체,위,연령전체,31189,62
2012,남자,위,연령전체,21051,83.6
2012,여자,위,연령전체,10138,40.3
2013,남녀전체,위,연령전체,30525,60.4
2013,남자,위,연령전체,20492,81.1
2013,여자,위,연령전체,10033,39.7
2014,남녀전체,위,연령전체,30208,59.5
2014,남자,위,연령전체,20323,80.1
2014,여자,위,연령전체,9885,38.9
2015,남녀전체,위,연령전체,29493,57.9
2015,남자,위,연령전체,19771,77.7
2015,여자,위,연령전체,9722,38.1
2016,남녀전체,위,연령전체,30802,60.3
2016,남자,위,연령전체,20712,81.1
2016,여자,위,연령전체,10090,39.4
2017,남녀전체,위,연령전체,30126,58.8
2017,남자,위,연령전체,20222,79.1
2017,여자,위,연령전체,9904,38.6
2018,남녀전체,위,연령전체,29502,57.5
2018,남자,위,연령전체,20007,78.1
2018,여자,위,연령전체,9495,36.9
2019,남녀전체,위,연령전체,29720,57.9
2019,남자,위,연령전체,19890,77.7
2019,여자,위,연령전체,9830,38.2
2020,남녀전체,위,연령전체,26662,51.9
2020,남자,위,연령전체,17869,69.8
2020,여자,위,연령전체,8793,34.2
1999,남녀전체,대장,연령전체,9779,20.7
1999,남자,대장,연령전체,5337,22.5
1999,여자,대장,연령전체,4442,18.9
2000,남녀전체,대장,연령전체,10489,22.1
2000,남자,대장,연령전체,5860,24.6
2000,여자,대장,연령전체,4629,19.6
2001,남녀전체,대장,연령전체,11775,24.6
2001,남자,대장,연령전체,6575,27.4
2001,여자,대장,연령전체,5200,21.8
2002,남녀전체,대장,연령전체,13235,27.5
2002,남자,대장,연령전체,7559,31.3
2002,여자,대장,연령전체,5676,23.7
2003,남녀전체,대장,연령전체,14738,30.5
2003,남자,대장,연령전체,8408,34.7
2003,여자,대장,연령전체,6330,26.3
2004,남녀전체,대장,연령전체,16334,33.7
2004,남자,대장,연령전체,9457,38.9
2004,여자,대장,연령전체,6877,28.5
2005,남녀전체,대장,연령전체,18356,37.7
2005,남자,대장,연령전체,10688,43.8
2005,여자,대장,연령전체,7668,31.6
2006,남녀전체,대장,연령전체,19936,40.8
2006,남자,대장,연령전체,11690,47.7
2006,여자,대장,연령전체,8246,33.8
2007,남녀전체,대장,연령전체,21560,43.9
2007,남자,대장,연령전체,12784,51.9
2007,여자,대장,연령전체,8776,35.8
2008,남녀전체,대장,연령전체,23270,47.1
2008,남자,대장,연령전체,13942,56.3
2008,여자,대장,연령전체,9328,37.8
2009,남녀전체,대장,연령전체,25576,51.5
2009,남자,대장,연령전체,15421,62
2009,여자,대장,연령전체,10155,41
2010,남녀전체,대장,연령전체,26756,53.6
2010,남자,대장,연령전체,16218,64.9
2010,여자,대장,연령전체,10538,42.3
2011,남녀전체,대장,연령전체,28735,57.3
2011,남자,대장,연령전체,17545,70
2011,여자,대장,연령전체,11190,44.7
2012,남녀전체,대장,연령전체,29594,58.8
2012,남자,대장,연령전체,17805,70.7
2012,여자,대장,연령전체,11789,46.9
2013,남녀전체,대장,연령전체,28186,55.7
2013,남자,대장,연령전체,16939,67
2013,여자,대장,연령전체,11247,44.5
2014,남녀전체,대장,연령전체,27501,54.2
2014,남자,대장,연령전체,16502,65
2014,여자,대장,연령전체,10999,43.3
2015,남녀전체,대장,연령전체,27276,53.5
2015,남자,대장,연령전체,16194,63.6
2015,여자,대장,연령전체,11082,43.5
2016,남녀전체,대장,연령전체,28616,56
2016,남자,대장,연령전체,16978,66.5
2016,여자,대장,연령전체,11638,45.5
2017,남녀전체,대장,연령전체,28689,56
2017,남자,대장,연령전체,16985,66.4
2017,여자,대장,연령전체,11704,45.6
2018,남녀전체,대장,연령전체,28308,55.2
2018,남자,대장,연령전체,16911,66.1
2018,여자,대장,연령전체,11397,44.3
2019,남녀전체,대장,연령전체,29426,57.3
2019,남자,대장,연령전체,17354,67.8
2019,여자,대장,연령전체,12072,46.9
2020,남녀전체,대장,연령전체,27877,54.3
2020,남자,대장,연령전체,16485,64.4
2020,여자,대장,연령전체,11392,44.3
1999,남녀전체,간,연령전체,13262,28.1
1999,남자,간,연령전체,10022,42.3
1999,여자,간,연령전체,3240,13.8
2000,남녀전체,간,연령전체,13087,27.5
2000,남자,간,연령전체,9878,41.4
2000,여자,간,연령전체,3209,13.6
2001,남녀전체,간,연령전체,13824,28.9
2001,남자,간,연령전체,10388,43.2
2001,여자,간,연령전체,3436,14.4
2002,남녀전체,간,연령전체,13988,29.1
2002,남자,간,연령전체,10507,43.5
2002,여자,간,연령전체,3481,14.5
2003,남녀전체,간,연령전체,14106,29.2
2003,남자,간,연령전체,10607,43.8
2003,여자,간,연령전체,3499,14.5
2004,남녀전체,간,연령전체,14495,29.9
2004,남자,간,연령전체,10926,44.9
2004,여자,간,연령전체,3569,14.8
2005,남녀전체,간,연령전체,15155,31.1
2005,남자,간,연령전체,11423,46.8
2005,여자,간,연령전체,3732,15.4
2006,남녀전체,간,연령전체,14988,30.7
2006,남자,간,연령전체,11231,45.8
2006,여자,간,연령전체,3757,15.4
2007,남녀전체,간,연령전체,15418,31.4
2007,남자,간,연령전체,11524,46.8
2007,여자,간,연령전체,3894,15.9
2008,남녀전체,간,연령전체,15811,32
2008,남자,간,연령전체,11902,48.1
2008,여자,간,연령전체,3909,15.9
2009,남녀전체,간,연령전체,16037,32.3
2009,남자,간,연령전체,11991,48.2
2009,여자,간,연령전체,4046,16.3
2010,남녀전체,간,연령전체,16213,32.5
2010,남자,간,연령전체,12057,48.3
2010,여자,간,연령전체,4156,16.7
2011,남녀전체,간,연령전체,16427,32.8
2011,남자,간,연령전체,12186,48.6
2011,여자,간,연령전체,4241,16.9
2012,남녀전체,간,연령전체,16171,32.1
2012,남자,간,연령전체,12126,48.1
2012,여자,간,연령전체,4045,16.1
2013,남녀전체,간,연령전체,16047,31.7
2013,남자,간,연령전체,12039,47.6
2013,여자,간,연령전체,4008,15.9
2014,남녀전체,간,연령전체,15957,31.4
2014,남자,간,연령전체,11936,47
2014,여자,간,연령전체,4021,15.8
2015,남녀전체,간,연령전체,15982,31.4
2015,남자,간,연령전체,11888,46.7
2015,여자,간,연령전체,4094,16.1
2016,남녀전체,간,연령전체,15997,31.3
2016,남자,간,연령전체,11927,46.7
2016,여자,간,연령전체,4070,15.9
2017,남녀전체,간,연령전체,15706,30.7
2017,남자,간,연령전체,11716,45.8
2017,여자,간,연령전체,3990,15.6
2018,남녀전체,간,연령전체,15883,31
2018,남자,간,연령전체,11833,46.2
2018,여자,간,연령전체,4050,15.8
2019,남녀전체,간,연령전체,15749,30.7
2019,남자,간,연령전체,11631,45.4
2019,여자,간,연령전체,4118,16
2020,남녀전체,간,연령전체,15152,29.5
2020,남자,간,연령전체,11150,43.5
2020,여자,간,연령전체,4002,15.5
1999,남녀전체,담낭 및 기타담도,연령전체,3047,6.5
1999,남자,담낭 및 기타담도,연령전체,1568,6.6
1999,여자,담낭 및 기타담도,연령전체,1479,6.3
2000,남녀전체,담낭 및 기타담도,연령전체,3131,6.6
2000,남자,담낭 및 기타담도,연령전체,1555,6.5
2000,여자,담낭 및 기타담도,연령전체,1576,6.7
2001,남녀전체,담낭 및 기타담도,연령전체,3429,7.2
2001,남자,담낭 및 기타담도,연령전체,1710,7.1
2001,여자,담낭 및 기타담도,연령전체,1719,7.2
2002,남녀전체,담낭 및 기타담도,연령전체,3567,7.4
2002,남자,담낭 및 기타담도,연령전체,1758,7.3
2002,여자,담낭 및 기타담도,연령전체,1809,7.5
2003,남녀전체,담낭 및 기타담도,연령전체,3709,7.7
2003,남자,담낭 및 기타담도,연령전체,1803,7.4
2003,여자,담낭 및 기타담도,연령전체,1906,7.9
2004,남녀전체,담낭 및 기타담도,연령전체,3987,8.2
2004,남자,담낭 및 기타담도,연령전체,2010,8.3
2004,여자,담낭 및 기타담도,연령전체,1977,8.2
2005,남녀전체,담낭 및 기타담도,연령전체,4282,8.8
2005,남자,담낭 및 기타담도,연령전체,2146,8.8
2005,여자,담낭 및 기타담도,연령전체,2136,8.8
2006,남녀전체,담낭 및 기타담도,연령전체,4146,8.5
2006,남자,담낭 및 기타담도,연령전체,2134,8.7
2006,여자,담낭 및 기타담도,연령전체,2012,8.3
2007,남녀전체,담낭 및 기타담도,연령전체,4398,9
2007,남자,담낭 및 기타담도,연령전체,2188,8.9
2007,여자,담낭 및 기타담도,연령전체,2210,9
2008,남녀전체,담낭 및 기타담도,연령전체,4564,9.2
2008,남자,담낭 및 기타담도,연령전체,2260,9.1
2008,여자,담낭 및 기타담도,연령전체,2304,9.3
2009,남녀전체,담낭 및 기타담도,연령전체,5032,10.1
2009,남자,담낭 및 기타담도,연령전체,2528,10.2
2009,여자,담낭 및 기타담도,연령전체,2504,10.1
2010,남녀전체,담낭 및 기타담도,연령전체,5178,10.4
2010,남자,담낭 및 기타담도,연령전체,2698,10.8
2010,여자,담낭 및 기타담도,연령전체,2480,10
2011,남녀전체,담낭 및 기타담도,연령전체,5439,10.9
2011,남자,담낭 및 기타담도,연령전체,2747,11
2011,여자,담낭 및 기타담도,연령전체,2692,10.8
2012,남녀전체,담낭 및 기타담도,연령전체,5576,11.1
2012,남자,담낭 및 기타담도,연령전체,2863,11.4
2012,여자,담낭 및 기타담도,연령전체,2713,10.8
2013,남녀전체,담낭 및 기타담도,연령전체,5807,11.5
2013,남자,담낭 및 기타담도,연령전체,3013,11.9
2013,여자,담낭 및 기타담도,연령전체,2794,11.1
2014,남녀전체,담낭 및 기타담도,연령전체,6136,12.1
2014,남자,담낭 및 기타담도,연령전체,3182,12.5
2014,여자,담낭 및 기타담도,연령전체,2954,11.6
2015,남녀전체,담낭 및 기타담도,연령전체,6323,12.4
2015,남자,담낭 및 기타담도,연령전체,3258,12.8
2015,여자,담낭 및 기타담도,연령전체,3065,12
2016,남녀전체,담낭 및 기타담도,연령전체,6766,13.2
2016,남자,담낭 및 기타담도,연령전체,3532,13.8
2016,여자,담낭 및 기타담도,연령전체,3234,12.6
2017,남녀전체,담낭 및 기타담도,연령전체,6931,13.5
2017,남자,담낭 및 기타담도,연령전체,3602,14.1
2017,여자,담낭 및 기타담도,연령전체,3329,13
2018,남녀전체,담낭 및 기타담도,연령전체,7248,14.1
2018,남자,담낭 및 기타담도,연령전체,3873,15.1
2018,여자,담낭 및 기타담도,연령전체,3375,13.1
2019,남녀전체,담낭 및 기타담도,연령전체,7428,14.5
2019,남자,담낭 및 기타담도,연령전체,3925,15.3
2019,여자,담낭 및 기타담도,연령전체,3503,13.6
2020,남녀전체,담낭 및 기타담도,연령전체,7452,14.5
2020,남자,담낭 및 기타담도,연령전체,4012,15.7
2020,여자,담낭 및 기타담도,연령전체,3440,13.4
1999,남녀전체,췌장,연령전체,2613,5.5
1999,남자,췌장,연령전체,1529,6.5
1999,여자,췌장,연령전체,1084,4.6
2000,남녀전체,췌장,연령전체,2710,5.7
2000,남자,췌장,연령전체,1577,6.6
2000,여자,췌장,연령전체,1133,4.8
2001,남녀전체,췌장,연령전체,2786,5.8
2001,남자,췌장,연령전체,1589,6.6
2001,여자,췌장,연령전체,1197,5
2002,남녀전체,췌장,연령전체,3068,6.4
2002,남자,췌장,연령전체,1760,7.3
2002,여자,췌장,연령전체,1308,5.5
2003,남녀전체,췌장,연령전체,3225,6.7
2003,남자,췌장,연령전체,1800,7.4
2003,여자,췌장,연령전체,1425,5.9
2004,남녀전체,췌장,연령전체,3409,7
2004,남자,췌장,연령전체,1922,7.9
2004,여자,췌장,연령전체,1487,6.2
2005,남녀전체,췌장,연령전체,3758,7.7
2005,남자,췌장,연령전체,2076,8.5
2005,여자,췌장,연령전체,1682,6.9
2006,남녀전체,췌장,연령전체,3802,7.8
2006,남자,췌장,연령전체,2094,8.5
2006,여자,췌장,연령전체,1708,7
2007,남녀전체,췌장,연령전체,4082,8.3
2007,남자,췌장,연령전체,2272,9.2
2007,여자,췌장,연령전체,1810,7.4
2008,남녀전체,췌장,연령전체,4380,8.9
2008,남자,췌장,연령전체,2441,9.9
2008,여자,췌장,연령전체,1939,7.9
2009,남녀전체,췌장,연령전체,4503,9.1
2009,남자,췌장,연령전체,2476,10
2009,여자,췌장,연령전체,2027,8.2
2010,남녀전체,췌장,연령전체,4765,9.6
2010,남자,췌장,연령전체,2569,10.3
2010,여자,췌장,연령전체,2196,8.8
2011,남녀전체,췌장,연령전체,5182,10.3
2011,남자,췌장,연령전체,2862,11.4
2011,여자,췌장,연령전체,2320,9.3
2012,남녀전체,췌장,연령전체,5518,11
2012,남자,췌장,연령전체,3000,11.9
2012,여자,췌장,연령전체,2518,10
2013,남녀전체,췌장,연령전체,5592,11.1
2013,남자,췌장,연령전체,3018,11.9
2013,여자,췌장,연령전체,2574,10.2
2014,남녀전체,췌장,연령전체,6051,11.9
2014,남자,췌장,연령전체,3245,12.8
2014,여자,췌장,연령전체,2806,11.1
2015,남녀전체,췌장,연령전체,6419,12.6
2015,남자,췌장,연령전체,3398,13.3
2015,여자,췌장,연령전체,3021,11.9
2016,남녀전체,췌장,연령전체,6771,13.2
2016,남자,췌장,연령전체,3434,13.5
2016,여자,췌장,연령전체,3337,13
2017,남녀전체,췌장,연령전체,7150,14
2017,남자,췌장,연령전체,3779,14.8
2017,여자,췌장,연령전체,3371,13.1
2018,남녀전체,췌장,연령전체,7695,15
2018,남자,췌장,연령전체,4059,15.9
2018,여자,췌장,연령전체,3636,14.1
2019,남녀전체,췌장,연령전체,8154,15.9
2019,남자,췌장,연령전체,4178,16.3
2019,여자,췌장,연령전체,3976,15.5
2020,남녀전체,췌장,연령전체,8414,16.4
2020,남자,췌장,연령전체,4324,16.9
2020,여자,췌장,연령전체,4090,15.9
1999,남녀전체,후두,연령전체,1101,2.3
1999,남자,후두,연령전체,975,4.1
1999,여자,후두,연령전체,126,0.5
2000,남녀전체,후두,연령전체,1044,2.2
2000,남자,후두,연령전체,950,4
2000,여자,후두,연령전체,94,0.4
2001,남녀전체,후두,연령전체,1178,2.5
2001,남자,후두,연령전체,1087,4.5
2001,여자,후두,연령전체,91,0.4
2002,남녀전체,후두,연령전체,1132,2.4
2002,남자,후두,연령전체,1039,4.3
2002,여자,후두,연령전체,93,0.4
2003,남녀전체,후두,연령전체,1118,2.3
2003,남자,후두,연령전체,1032,4.3
2003,여자,후두,연령전체,86,0.4
2004,남녀전체,후두,연령전체,1084,2.2
2004,남자,후두,연령전체,991,4.1
2004,여자,후두,연령전체,93,0.4
2005,남녀전체,후두,연령전체,1160,2.4
2005,남자,후두,연령전체,1076,4.4
2005,여자,후두,연령전체,84,0.3
2006,남녀전체,후두,연령전체,1073,2.2
2006,남자,후두,연령전체,996,4.1
2006,여자,후두,연령전체,77,0.3
2007,남녀전체,후두,연령전체,1120,2.3
2007,남자,후두,연령전체,1053,4.3
2007,여자,후두,연령전체,67,0.3
2008,남녀전체,후두,연령전체,1107,2.2
2008,남자,후두,연령전체,1031,4.2
2008,여자,후두,연령전체,76,0.3
2009,남녀전체,후두,연령전체,1171,2.4
2009,남자,후두,연령전체,1103,4.4
2009,여자,후두,연령전체,68,0.3
2010,남녀전체,후두,연령전체,1183,2.4
2010,남자,후두,연령전체,1107,4.4
2010,여자,후두,연령전체,76,0.3
2011,남녀전체,후두,연령전체,1134,2.3
2011,남자,후두,연령전체,1067,4.3
2011,여자,후두,연령전체,67,0.3
2012,남녀전체,후두,연령전체,1126,2.2
2012,남자,후두,연령전체,1062,4.2
2012,여자,후두,연령전체,64,0.3
2013,남녀전체,후두,연령전체,1223,2.4
2013,남자,후두,연령전체,1139,4.5
2013,여자,후두,연령전체,84,0.3
2014,남녀전체,후두,연령전체,1134,2.2
2014,남자,후두,연령전체,1071,4.2
2014,여자,후두,연령전체,63,0.2
2015,남녀전체,후두,연령전체,1160,2.3
2015,남자,후두,연령전체,1093,4.3
2015,여자,후두,연령전체,67,0.3
2016,남녀전체,후두,연령전체,1189,2.3
2016,남자,후두,연령전체,1121,4.4
2016,여자,후두,연령전체,68,0.3
2017,남녀전체,후두,연령전체,1243,2.4
2017,남자,후두,연령전체,1164,4.6
2017,여자,후두,연령전체,79,0.3
2018,남녀전체,후두,연령전체,1158,2.3
2018,남자,후두,연령전체,1095,4.3
2018,여자,후두,연령전체,63,0.2
2019,남녀전체,후두,연령전체,1229,2.4
2019,남자,후두,연령전체,1160,4.5
2019,여자,후두,연령전체,69,0.3
2020,남녀전체,후두,연령전체,1203,2.3
2020,남자,후두,연령전체,1141,4.5
2020,여자,후두,연령전체,62,0.2
1999,남녀전체,폐,연령전체,13229,28
1999,남자,폐,연령전체,9744,41.1
1999,여자,폐,연령전체,3485,14.8
2000,남녀전체,폐,연령전체,13413,28.2
2000,남자,폐,연령전체,9816,41.1
2000,여자,폐,연령전체,3597,15.2
2001,남녀전체,폐,연령전체,14194,29.6
2001,남자,폐,연령전체,10514,43.7
2001,여자,폐,연령전체,3680,15.4
2002,남녀전체,폐,연령전체,14966,31.1
2002,남자,폐,연령전체,11011,45.6
2002,여자,폐,연령전체,3955,16.5
2003,남녀전체,폐,연령전체,15235,31.5
2003,남자,폐,연령전체,11228,46.3
2003,여자,폐,연령전체,4007,16.6
2004,남녀전체,폐,연령전체,16376,33.8
2004,남자,폐,연령전체,11987,49.3
2004,여자,폐,연령전체,4389,18.2
2005,남녀전체,폐,연령전체,17268,35.5
2005,남자,폐,연령전체,12519,51.3
2005,여자,폐,연령전체,4749,19.6
2006,남녀전체,폐,연령전체,17765,36.3
2006,남자,폐,연령전체,12704,51.8
2006,여자,폐,연령전체,5061,20.8
2007,남녀전체,폐,연령전체,18494,37.6
2007,남자,폐,연령전체,13226,53.7
2007,여자,폐,연령전체,5268,21.5
2008,남녀전체,폐,연령전체,19201,38.9
2008,남자,폐,연령전체,13644,55.1
2008,여자,폐,연령전체,5557,22.5
2009,남녀전체,폐,연령전체,20145,40.6
2009,남자,폐,연령전체,14310,57.5
2009,여자,폐,연령전체,5835,23.5
2010,남녀전체,폐,연령전체,21358,42.8
2010,남자,폐,연령전체,15055,60.3
2010,여자,폐,연령전체,6303,25.3
2011,남녀전체,폐,연령전체,22312,44.5
2011,남자,폐,연령전체,15517,61.9
2011,여자,폐,연령전체,6795,27.1
2012,남녀전체,폐,연령전체,22633,45
2012,남자,폐,연령전체,15673,62.2
2012,여자,폐,연령전체,6960,27.7
2013,남녀전체,폐,연령전체,23636,46.7
2013,남자,폐,연령전체,16462,65.1
2013,여자,폐,연령전체,7174,28.4
2014,남녀전체,폐,연령전체,24534,48.3
2014,남자,폐,연령전체,17077,67.3
2014,여자,폐,연령전체,7457,29.4
2015,남녀전체,폐,연령전체,24757,48.6
2015,남자,폐,연령전체,17304,68
2015,여자,폐,연령전체,7453,29.2
2016,남녀전체,폐,연령전체,26313,51.5
2016,남자,폐,연령전체,18131,71
2016,여자,폐,연령전체,8182,32
2017,남녀전체,폐,연령전체,27529,53.7
2017,남자,폐,연령전체,18989,74.2
2017,여자,폐,연령전체,8540,33.3
2018,남녀전체,폐,연령전체,28985,56.5
2018,남자,폐,연령전체,19754,77.2
2018,여자,폐,연령전체,9231,35.9
2019,남녀전체,폐,연령전체,30241,58.9
2019,남자,폐,연령전체,20519,80.1
2019,여자,폐,연령전체,9722,37.8
2020,남녀전체,폐,연령전체,28949,56.4
2020,남자,폐,연령전체,19657,76.8
2020,여자,폐,연령전체,9292,36.1
1999,남녀전체,유방,연령전체,5880,12.5
1999,남자,유방,연령전체,41,0.2
1999,여자,유방,연령전체,5839,24.9
2000,남녀전체,유방,연령전체,6087,12.8
2000,남자,유방,연령전체,59,0.2
2000,여자,유방,연령전체,6028,25.5
2001,남녀전체,유방,연령전체,7343,15.3
2001,남자,유방,연령전체,48,0.2
2001,여자,유방,연령전체,7295,30.6
2002,남녀전체,유방,연령전체,8297,17.2
2002,남자,유방,연령전체,62,0.3
2002,여자,유방,연령전체,8235,34.3
2003,남녀전체,유방,연령전체,8550,17.7
2003,남자,유방,연령전체,58,0.2
2003,여자,유방,연령전체,8492,35.3
2004,남녀전체,유방,연령전체,9245,19.1
2004,남자,유방,연령전체,51,0.2
2004,여자,유방,연령전체,9194,38
2005,남녀전체,유방,연령전체,10324,21.2
2005,남자,유방,연령전체,57,0.2
2005,여자,유방,연령전체,10267,42.3
2006,남녀전체,유방,연령전체,10964,22.4
2006,남자,유방,연령전체,51,0.2
2006,여자,유방,연령전체,10913,44.8
2007,남녀전체,유방,연령전체,12041,24.5
2007,남자,유방,연령전체,35,0.1
2007,여자,유방,연령전체,12006,49
2008,남녀전체,유방,연령전체,12911,26.1
2008,남자,유방,연령전체,76,0.3
2008,여자,유방,연령전체,12835,52.1
2009,남녀전체,유방,연령전체,13736,27.7
2009,남자,유방,연령전체,62,0.2
2009,여자,유방,연령전체,13674,55.2
2010,남녀전체,유방,연령전체,14748,29.6
2010,남자,유방,연령전체,70,0.3
2010,여자,유방,연령전체,14678,58.9
2011,남녀전체,유방,연령전체,16248,32.4
2011,남자,유방,연령전체,75,0.3
2011,여자,유방,연령전체,16173,64.6
2012,남녀전체,유방,연령전체,16850,33.5
2012,남자,유방,연령전체,70,0.3
2012,여자,유방,연령전체,16780,66.7
2013,남녀전체,유방,연령전체,17565,34.7
2013,남자,유방,연령전체,63,0.2
2013,여자,유방,연령전체,17502,69.2
2014,남녀전체,유방,연령전체,18580,36.6
2014,남자,유방,연령전체,78,0.3
2014,여자,유방,연령전체,18502,72.9
2015,남녀전체,유방,연령전체,19426,38.1
2015,남자,유방,연령전체,79,0.3
2015,여자,유방,연령전체,19347,75.9
2016,남녀전체,유방,연령전체,22019,43.1
2016,남자,유방,연령전체,96,0.4
2016,여자,유방,연령전체,21923,85.7
2017,남녀전체,유방,연령전체,22673,44.3
2017,남자,유방,연령전체,97,0.4
2017,여자,유방,연령전체,22576,88
2018,남녀전체,유방,연령전체,23763,46.3
2018,남자,유방,연령전체,101,0.4
2018,여자,유방,연령전체,23662,92.1
2019,남녀전체,유방,연령전체,25024,48.7
2019,남자,유방,연령전체,115,0.4
2019,여자,유방,연령전체,24909,96.8
2020,남녀전체,유방,연령전체,24923,48.5
2020,남자,유방,연령전체,117,0.5
2020,여자,유방,연령전체,24806,96.4
1999,남녀전체,자궁경부,연령전체,4487,9.5
1999,남자,자궁경부,연령전체,0,
1999,여자,자궁경부,연령전체,4487,19.1
2000,남녀전체,자궁경부,연령전체,4352,9.2
2000,남자,자궁경부,연령전체,0,
2000,여자,자궁경부,연령전체,4352,18.4
2001,남녀전체,자궁경부,연령전체,4651,9.7
2001,남자,자궁경부,연령전체,0,
2001,여자,자궁경부,연령전체,4651,19.5
2002,남녀전체,자궁경부,연령전체,4494,9.3
2002,남자,자궁경부,연령전체,0,
2002,여자,자궁경부,연령전체,4494,18.7
2003,남녀전체,자궁경부,연령전체,4385,9.1
2003,남자,자궁경부,연령전체,0,
2003,여자,자궁경부,연령전체,4385,18.2
2004,남녀전체,자궁경부,연령전체,4144,8.5
2004,남자,자궁경부,연령전체,0,
2004,여자,자궁경부,연령전체,4144,17.1
2005,남녀전체,자궁경부,연령전체,4044,8.3
2005,남자,자궁경부,연령전체,0,
2005,여자,자궁경부,연령전체,4044,16.7
2006,남녀전체,자궁경부,연령전체,4069,8.3
2006,남자,자궁경부,연령전체,0,
2006,여자,자궁경부,연령전체,4069,16.7
2007,남녀전체,자궁경부,연령전체,3789,7.7
2007,남자,자궁경부,연령전체,0,
2007,여자,자궁경부,연령전체,3789,15.5
2008,남녀전체,자궁경부,연령전체,4031,8.2
2008,남자,자궁경부,연령전체,0,
2008,여자,자궁경부,연령전체,4031,16.4
2009,남녀전체,자궁경부,연령전체,3849,7.8
2009,남자,자궁경부,연령전체,0,
2009,여자,자궁경부,연령전체,3849,15.5
2010,남녀전체,자궁경부,연령전체,4025,8.1
2010,남자,자궁경부,연령전체,0,
2010,여자,자궁경부,연령전체,4025,16.2
2011,남녀전체,자궁경부,연령전체,3827,7.6
2011,남자,자궁경부,연령전체,0,
2011,여자,자궁경부,연령전체,3827,15.3
2012,남녀전체,자궁경부,연령전체,3689,7.3
2012,남자,자궁경부,연령전체,0,
2012,여자,자궁경부,연령전체,3689,14.7
2013,남녀전체,자궁경부,연령전체,3722,7.4
2013,남자,자궁경부,연령전체,0,
2013,여자,자궁경부,연령전체,3722,14.7
2014,남녀전체,자궁경부,연령전체,3602,7.1
2014,남자,자궁경부,연령전체,0,
2014,여자,자궁경부,연령전체,3602,14.2
2015,남녀전체,자궁경부,연령전체,3670,7.2
2015,남자,자궁경부,연령전체,0,
2015,여자,자궁경부,연령전체,3670,14.4
2016,남녀전체,자궁경부,연령전체,3623,7.1
2016,남자,자궁경부,연령전체,0,
2016,여자,자궁경부,연령전체,3623,14.2
2017,남녀전체,자궁경부,연령전체,3526,6.9
2017,남자,자궁경부,연령전체,0,
2017,여자,자궁경부,연령전체,3526,13.7
2018,남녀전체,자궁경부,연령전체,3550,6.9
2018,남자,자궁경부,연령전체,0,
2018,여자,자궁경부,연령전체,3550,13.8
2019,남녀전체,자궁경부,연령전체,3298,6.4
2019,남자,자궁경부,연령전체,0,
2019,여자,자궁경부,연령전체,3298,12.8
2020,남녀전체,자궁경부,연령전체,2998,5.8
2020,남자,자궁경부,연령전체,0,
2020,여자,자궁경부,연령전체,2998,11.6
1999,남녀전체,자궁체부,연령전체,728,1.5
1999,남자,자궁체부,연령전체,0,
1999,여자,자궁체부,연령전체,728,3.1
2000,남녀전체,자궁체부,연령전체,728,1.5
2000,남자,자궁체부,연령전체,0,
2000,여자,자궁체부,연령전체,728,3.1
2001,남녀전체,자궁체부,연령전체,839,1.8
2001,남자,자궁체부,연령전체,0,
2001,여자,자궁체부,연령전체,839,3.5
2002,남녀전체,자궁체부,연령전체,944,2
2002,남자,자궁체부,연령전체,0,
2002,여자,자궁체부,연령전체,944,3.9
2003,남녀전체,자궁체부,연령전체,1096,2.3
2003,남자,자궁체부,연령전체,0,
2003,여자,자궁체부,연령전체,1096,4.6
2004,남녀전체,자궁체부,연령전체,1125,2.3
2004,남자,자궁체부,연령전체,0,
2004,여자,자궁체부,연령전체,1125,4.7
2005,남녀전체,자궁체부,연령전체,1217,2.5
2005,남자,자궁체부,연령전체,0,
2005,여자,자궁체부,연령전체,1217,5
2006,남녀전체,자궁체부,연령전체,1294,2.6
2006,남자,자궁체부,연령전체,0,
2006,여자,자궁체부,연령전체,1294,5.3
2007,남녀전체,자궁체부,연령전체,1391,2.8
2007,남자,자궁체부,연령전체,0,
2007,여자,자궁체부,연령전체,1391,5.7
2008,남녀전체,자궁체부,연령전체,1593,3.2
2008,남자,자궁체부,연령전체,0,
2008,여자,자궁체부,연령전체,1593,6.5
2009,남녀전체,자궁체부,연령전체,1750,3.5
2009,남자,자궁체부,연령전체,0,
2009,여자,자궁체부,연령전체,1750,7.1
2010,남녀전체,자궁체부,연령전체,1810,3.6
2010,남자,자궁체부,연령전체,0,
2010,여자,자궁체부,연령전체,1810,7.3
2011,남녀전체,자궁체부,연령전체,1960,3.9
2011,남자,자궁체부,연령전체,0,
2011,여자,자궁체부,연령전체,1960,7.8
2012,남녀전체,자궁체부,연령전체,2014,4
2012,남자,자궁체부,연령전체,0,
2012,여자,자궁체부,연령전체,2014,8
2013,남녀전체,자궁체부,연령전체,2260,4.5
2013,남자,자궁체부,연령전체,0,
2013,여자,자궁체부,연령전체,2260,8.9
2014,남녀전체,자궁체부,연령전체,2253,4.4
2014,남자,자궁체부,연령전체,0,
2014,여자,자궁체부,연령전체,2253,8.9
2015,남녀전체,자궁체부,연령전체,2445,4.8
2015,남자,자궁체부,연령전체,0,
2015,여자,자궁체부,연령전체,2445,9.6
2016,남녀전체,자궁체부,연령전체,2807,5.5
2016,남자,자궁체부,연령전체,0,
2016,여자,자궁체부,연령전체,2807,11
2017,남녀전체,자궁체부,연령전체,3008,5.9
2017,남자,자궁체부,연령전체,0,
2017,여자,자궁체부,연령전체,3008,11.7
2018,남녀전체,자궁체부,연령전체,3201,6.2
2018,남자,자궁체부,연령전체,0,
2018,여자,자궁체부,연령전체,3201,12.5
2019,남녀전체,자궁체부,연령전체,3304,6.4
2019,남자,자궁체부,연령전체,0,
2019,여자,자궁체부,연령전체,3304,12.8
2020,남녀전체,자궁체부,연령전체,3492,6.8
2020,남자,자궁체부,연령전체,0,
2020,여자,자궁체부,연령전체,3492,13.6
1999,남녀전체,난소,연령전체,1353,2.9
1999,남자,난소,연령전체,0,
1999,여자,난소,연령전체,1353,5.8
2000,남녀전체,난소,연령전체,1303,2.7
2000,남자,난소,연령전체,0,
2000,여자,난소,연령전체,1303,5.5
2001,남녀전체,난소,연령전체,1351,2.8
2001,남자,난소,연령전체,0,
2001,여자,난소,연령전체,1351,5.7
2002,남녀전체,난소,연령전체,1468,3.1
2002,남자,난소,연령전체,0,
2002,여자,난소,연령전체,1468,6.1
2003,남녀전체,난소,연령전체,1484,3.1
2003,남자,난소,연령전체,0,
2003,여자,난소,연령전체,1484,6.2
2004,남녀전체,난소,연령전체,1561,3.2
2004,남자,난소,연령전체,0,
2004,여자,난소,연령전체,1561,6.5
2005,남녀전체,난소,연령전체,1680,3.5
2005,남자,난소,연령전체,0,
2005,여자,난소,연령전체,1680,6.9
2006,남녀전체,난소,연령전체,1715,3.5
2006,남자,난소,연령전체,0,
2006,여자,난소,연령전체,1715,7
2007,남녀전체,난소,연령전체,1930,3.9
2007,남자,난소,연령전체,0,
2007,여자,난소,연령전체,1930,7.9
2008,남녀전체,난소,연령전체,1903,3.9
2008,남자,난소,연령전체,0,
2008,여자,난소,연령전체,1903,7.7
2009,남녀전체,난소,연령전체,1856,3.7
2009,남자,난소,연령전체,0,
2009,여자,난소,연령전체,1856,7.5
2010,남녀전체,난소,연령전체,2075,4.2
2010,남자,난소,연령전체,0,
2010,여자,난소,연령전체,2075,8.3
2011,남녀전체,난소,연령전체,2080,4.2
2011,남자,난소,연령전체,0,
2011,여자,난소,연령전체,2080,8.3
2012,남녀전체,난소,연령전체,2237,4.4
2012,남자,난소,연령전체,0,
2012,여자,난소,연령전체,2237,8.9
2013,남녀전체,난소,연령전체,2297,4.5
2013,남자,난소,연령전체,0,
2013,여자,난소,연령전체,2297,9.1
2014,남녀전체,난소,연령전체,2495,4.9
2014,남자,난소,연령전체,0,
2014,여자,난소,연령전체,2495,9.8
2015,남녀전체,난소,연령전체,2507,4.9
2015,남자,난소,연령전체,0,
2015,여자,난소,연령전체,2507,9.8
2016,남녀전체,난소,연령전체,2690,5.3
2016,남자,난소,연령전체,0,
2016,여자,난소,연령전체,2690,10.5
2017,남녀전체,난소,연령전체,2758,5.4
2017,남자,난소,연령전체,0,
2017,여자,난소,연령전체,2758,10.8
2018,남녀전체,난소,연령전체,2953,5.8
2018,남자,난소,연령전체,0,
2018,여자,난소,연령전체,2953,11.5
2019,남녀전체,난소,연령전체,2929,5.7
2019,남자,난소,연령전체,0,
2019,여자,난소,연령전체,2929,11.4
2020,남녀전체,난소,연령전체,2947,5.7
2020,남자,난소,연령전체,0,
2020,여자,난소,연령전체,2947,11.4
1999,남녀전체,전립선,연령전체,1455,3.1
1999,남자,전립선,연령전체,1455,6.1
1999,여자,전립선,연령전체,0,
2000,남녀전체,전립선,연령전체,1368,2.9
2000,남자,전립선,연령전체,1368,5.7
2000,여자,전립선,연령전체,0,
2001,남녀전체,전립선,연령전체,1870,3.9
2001,남자,전립선,연령전체,1870,7.8
2001,여자,전립선,연령전체,0,
2002,남녀전체,전립선,연령전체,2138,4.4
2002,남자,전립선,연령전체,2138,8.9
2002,여자,전립선,연령전체,0,
2003,남녀전체,전립선,연령전체,2672,5.5
2003,남자,전립선,연령전체,2672,11
2003,여자,전립선,연령전체,0,
2004,남녀전체,전립선,연령전체,3422,7.1
2004,남자,전립선,연령전체,3422,14.1
2004,여자,전립선,연령전체,0,
2005,남녀전체,전립선,연령전체,3765,7.7
2005,남자,전립선,연령전체,3765,15.4
2005,여자,전립선,연령전체,0,
2006,남녀전체,전립선,연령전체,4534,9.3
2006,남자,전립선,연령전체,4534,18.5
2006,여자,전립선,연령전체,0,
2007,남녀전체,전립선,연령전체,5572,11.3
2007,남자,전립선,연령전체,5572,22.6
2007,여자,전립선,연령전체,0,
2008,남녀전체,전립선,연령전체,6650,13.5
2008,남자,전립선,연령전체,6650,26.9
2008,여자,전립선,연령전체,0,
2009,남녀전체,전립선,연령전체,7564,15.2
2009,남자,전립선,연령전체,7564,30.4
2009,여자,전립선,연령전체,0,
2010,남녀전체,전립선,연령전체,8192,16.4
2010,남자,전립선,연령전체,8192,32.8
2010,여자,전립선,연령전체,0,
2011,남녀전체,전립선,연령전체,9150,18.3
2011,남자,전립선,연령전체,9150,36.5
2011,여자,전립선,연령전체,0,
2012,남녀전체,전립선,연령전체,9442,18.8
2012,남자,전립선,연령전체,9442,37.5
2012,여자,전립선,연령전체,0,
2013,남녀전체,전립선,연령전체,9740,19.3
2013,남자,전립선,연령전체,9740,38.5
2013,여자,전립선,연령전체,0,
2014,남녀전체,전립선,연령전체,10008,19.7
2014,남자,전립선,연령전체,10008,39.4
2014,여자,전립선,연령전체,0,
2015,남녀전체,전립선,연령전체,10407,20.4
2015,남자,전립선,연령전체,10407,40.9
2015,여자,전립선,연령전체,0,
2016,남녀전체,전립선,연령전체,12028,23.5
2016,남자,전립선,연령전체,12028,47.1
2016,여자,전립선,연령전체,0,
2017,남녀전체,전립선,연령전체,13049,25.5
2017,남자,전립선,연령전체,13049,51
2017,여자,전립선,연령전체,0,
2018,남녀전체,전립선,연령전체,15040,29.3
2018,남자,전립선,연령전체,15040,58.7
2018,여자,전립선,연령전체,0,
2019,남녀전체,전립선,연령전체,16965,33
2019,남자,전립선,연령전체,16965,66.2
2019,여자,전립선,연령전체,0,
2020,남녀전체,전립선,연령전체,16815,32.7
2020,남자,전립선,연령전체,16815,65.7
2020,여자,전립선,연령전체,0,
1999,남녀전체,고환,연령전체,129,0.3
1999,남자,고환,연령전체,129,0.5
1999,여자,고환,연령전체,0,
2000,남녀전체,고환,연령전체,134,0.3
2000,남자,고환,연령전체,134,0.6
2000,여자,고환,연령전체,0,
2001,남녀전체,고환,연령전체,144,0.3
2001,남자,고환,연령전체,144,0.6
2001,여자,고환,연령전체,0,
2002,남녀전체,고환,연령전체,155,0.3
2002,남자,고환,연령전체,155,0.6
2002,여자,고환,연령전체,0,
2003,남녀전체,고환,연령전체,154,0.3
2003,남자,고환,연령전체,154,0.6
2003,여자,고환,연령전체,0,
2004,남녀전체,고환,연령전체,155,0.3
2004,남자,고환,연령전체,155,0.6
2004,여자,고환,연령전체,0,
2005,남녀전체,고환,연령전체,154,0.3
2005,남자,고환,연령전체,154,0.6
2005,여자,고환,연령전체,0,
2006,남녀전체,고환,연령전체,182,0.4
2006,남자,고환,연령전체,182,0.7
2006,여자,고환,연령전체,0,
2007,남녀전체,고환,연령전체,182,0.4
2007,남자,고환,연령전체,182,0.7
2007,여자,고환,연령전체,0,
2008,남녀전체,고환,연령전체,177,0.4
2008,남자,고환,연령전체,177,0.7
2008,여자,고환,연령전체,0,
2009,남녀전체,고환,연령전체,202,0.4
2009,남자,고환,연령전체,202,0.8
2009,여자,고환,연령전체,0,
2010,남녀전체,고환,연령전체,211,0.4
2010,남자,고환,연령전체,211,0.8
2010,여자,고환,연령전체,0,
2011,남녀전체,고환,연령전체,228,0.5
2011,남자,고환,연령전체,228,0.9
2011,여자,고환,연령전체,0,
2012,남녀전체,고환,연령전체,248,0.5
2012,남자,고환,연령전체,248,1
2012,여자,고환,연령전체,0,
2013,남녀전체,고환,연령전체,258,0.5
2013,남자,고환,연령전체,258,1
2013,여자,고환,연령전체,0,
2014,남녀전체,고환,연령전체,261,0.5
2014,남자,고환,연령전체,261,1
2014,여자,고환,연령전체,0,
2015,남녀전체,고환,연령전체,289,0.6
2015,남자,고환,연령전체,289,1.1
2015,여자,고환,연령전체,0,
2016,남녀전체,고환,연령전체,293,0.6
2016,남자,고환,연령전체,293,1.1
2016,여자,고환,연령전체,0,
2017,남녀전체,고환,연령전체,263,0.5
2017,남자,고환,연령전체,263,1
2017,여자,고환,연령전체,0,
2018,남녀전체,고환,연령전체,336,0.7
2018,남자,고환,연령전체,336,1.3
2018,여자,고환,연령전체,0,
2019,남녀전체,고환,연령전체,326,0.6
2019,남자,고환,연령전체,326,1.3
2019,여자,고환,연령전체,0,
2020,남녀전체,고환,연령전체,361,0.7
2020,남자,고환,연령전체,361,1.4
2020,여자,고환,연령전체,0,
1999,남녀전체,신장,연령전체,1419,3
1999,남자,신장,연령전체,979,4.1
1999,여자,신장,연령전체,440,1.9
2000,남녀전체,신장,연령전체,1461,3.1
2000,남자,신장,연령전체,994,4.2
2000,여자,신장,연령전체,467,2
2001,남녀전체,신장,연령전체,1676,3.5
2001,남자,신장,연령전체,1140,4.7
2001,여자,신장,연령전체,536,2.2
2002,남녀전체,신장,연령전체,1778,3.7
2002,남자,신장,연령전체,1207,5
2002,여자,신장,연령전체,571,2.4
2003,남녀전체,신장,연령전체,1909,4
2003,남자,신장,연령전체,1297,5.4
2003,여자,신장,연령전체,612,2.5
2004,남녀전체,신장,연령전체,2099,4.3
2004,남자,신장,연령전체,1421,5.8
2004,여자,신장,연령전체,678,2.8
2005,남녀전체,신장,연령전체,2387,4.9
2005,남자,신장,연령전체,1623,6.6
2005,여자,신장,연령전체,764,3.1
2006,남녀전체,신장,연령전체,2665,5.5
2006,남자,신장,연령전체,1819,7.4
2006,여자,신장,연령전체,846,3.5
2007,남녀전체,신장,연령전체,2968,6
2007,남자,신장,연령전체,2046,8.3
2007,여자,신장,연령전체,922,3.8
2008,남녀전체,신장,연령전체,3269,6.6
2008,남자,신장,연령전체,2253,9.1
2008,여자,신장,연령전체,1016,4.1
2009,남녀전체,신장,연령전체,3522,7.1
2009,남자,신장,연령전체,2376,9.6
2009,여자,신장,연령전체,1146,4.6
2010,남녀전체,신장,연령전체,3689,7.4
2010,남자,신장,연령전체,2583,10.3
2010,여자,신장,연령전체,1106,4.4
2011,남녀전체,신장,연령전체,4042,8.1
2011,남자,신장,연령전체,2763,11
2011,여자,신장,연령전체,1279,5.1
2012,남녀전체,신장,연령전체,4221,8.4
2012,남자,신장,연령전체,2924,11.6
2012,여자,신장,연령전체,1297,5.2
2013,남녀전체,신장,연령전체,4388,8.7
2013,남자,신장,연령전체,3022,12
2013,여자,신장,연령전체,1366,5.4
2014,남녀전체,신장,연령전체,4562,9
2014,남자,신장,연령전체,3167,12.5
2014,여자,신장,연령전체,1395,5.5
2015,남녀전체,신장,연령전체,4628,9.1
2015,남자,신장,연령전체,3185,12.5
2015,여자,신장,연령전체,1443,5.7
2016,남녀전체,신장,연령전체,5124,10
2016,남자,신장,연령전체,3462,13.6
2016,여자,신장,연령전체,1662,6.5
2017,남녀전체,신장,연령전체,5426,10.6
2017,남자,신장,연령전체,3703,14.5
2017,여자,신장,연령전체,1723,6.7
2018,남녀전체,신장,연령전체,5518,10.8
2018,남자,신장,연령전체,3851,15
2018,여자,신장,연령전체,1667,6.5
2019,남녀전체,신장,연령전체,6067,11.8
2019,남자,신장,연령전체,4183,16.3
2019,여자,신장,연령전체,1884,7.3
2020,남녀전체,신장,연령전체,5946,11.6
2020,남자,신장,연령전체,4135,16.1
2020,여자,신장,연령전체,1811,7
1999,남녀전체,방광,연령전체,2195,4.7
1999,남자,방광,연령전체,1744,7.4
1999,여자,방광,연령전체,451,1.9
2000,남녀전체,방광,연령전체,2262,4.8
2000,남자,방광,연령전체,1805,7.6
2000,여자,방광,연령전체,457,1.9
2001,남녀전체,방광,연령전체,2510,5.2
2001,남자,방광,연령전체,1981,8.2
2001,여자,방광,연령전체,529,2.2
2002,남녀전체,방광,연령전체,2503,5.2
2002,남자,방광,연령전체,1967,8.1
2002,여자,방광,연령전체,536,2.2
2003,남녀전체,방광,연령전체,2771,5.7
2003,남자,방광,연령전체,2198,9.1
2003,여자,방광,연령전체,573,2.4
2004,남녀전체,방광,연령전체,2916,6
2004,남자,방광,연령전체,2332,9.6
2004,여자,방광,연령전체,584,2.4
2005,남녀전체,방광,연령전체,3054,6.3
2005,남자,방광,연령전체,2449,10
2005,여자,방광,연령전체,605,2.5
2006,남녀전체,방광,연령전체,3089,6.3
2006,남자,방광,연령전체,2501,10.2
2006,여자,방광,연령전체,588,2.4
2007,남녀전체,방광,연령전체,3247,6.6
2007,남자,방광,연령전체,2577,10.5
2007,여자,방광,연령전체,670,2.7
2008,남녀전체,방광,연령전체,3341,6.8
2008,남자,방광,연령전체,2673,10.8
2008,여자,방광,연령전체,668,2.7
2009,남녀전체,방광,연령전체,3336,6.7
2009,남자,방광,연령전체,2656,10.7
2009,여자,방광,연령전체,680,2.7
2010,남녀전체,방광,연령전체,3549,7.1
2010,남자,방광,연령전체,2859,11.4
2010,여자,방광,연령전체,690,2.8
2011,남녀전체,방광,연령전체,3680,7.3
2011,남자,방광,연령전체,2963,11.8
2011,여자,방광,연령전체,717,2.9
2012,남녀전체,방광,연령전체,3634,7.2
2012,남자,방광,연령전체,2924,11.6
2012,여자,방광,연령전체,710,2.8
2013,남녀전체,방광,연령전체,3891,7.7
2013,남자,방광,연령전체,3128,12.4
2013,여자,방광,연령전체,763,3
2014,남녀전체,방광,연령전체,4088,8.1
2014,남자,방광,연령전체,3300,13
2014,여자,방광,연령전체,788,3.1
2015,남녀전체,방광,연령전체,4140,8.1
2015,남자,방광,연령전체,3326,13.1
2015,여자,방광,연령전체,814,3.2
2016,남녀전체,방광,연령전체,4455,8.7
2016,남자,방광,연령전체,3564,14
2016,여자,방광,연령전체,891,3.5
2017,남녀전체,방광,연령전체,4487,8.8
2017,남자,방광,연령전체,3611,14.1
2017,여자,방광,연령전체,876,3.4
2018,남녀전체,방광,연령전체,4668,9.1
2018,남자,방광,연령전체,3725,14.5
2018,여자,방광,연령전체,943,3.7
2019,남녀전체,방광,연령전체,4944,9.6
2019,남자,방광,연령전체,4025,15.7
2019,여자,방광,연령전체,919,3.6
2020,남녀전체,방광,연령전체,4753,9.3
2020,남자,방광,연령전체,3826,14.9
2020,여자,방광,연령전체,927,3.6
1999,남녀전체,뇌 및 중추신경계,연령전체,1359,2.9
1999,남자,뇌 및 중추신경계,연령전체,713,3
1999,여자,뇌 및 중추신경계,연령전체,646,2.8
2000,남녀전체,뇌 및 중추신경계,연령전체,1352,2.8
2000,남자,뇌 및 중추신경계,연령전체,715,3
2000,여자,뇌 및 중추신경계,연령전체,637,2.7
2001,남녀전체,뇌 및 중추신경계,연령전체,1376,2.9
2001,남자,뇌 및 중추신경계,연령전체,729,3
2001,여자,뇌 및 중추신경계,연령전체,647,2.7
2002,남녀전체,뇌 및 중추신경계,연령전체,1310,2.7
2002,남자,뇌 및 중추신경계,연령전체,687,2.8
2002,여자,뇌 및 중추신경계,연령전체,623,2.6
2003,남녀전체,뇌 및 중추신경계,연령전체,1484,3.1
2003,남자,뇌 및 중추신경계,연령전체,804,3.3
2003,여자,뇌 및 중추신경계,연령전체,680,2.8
2004,남녀전체,뇌 및 중추신경계,연령전체,1539,3.2
2004,남자,뇌 및 중추신경계,연령전체,809,3.3
2004,여자,뇌 및 중추신경계,연령전체,730,3
2005,남녀전체,뇌 및 중추신경계,연령전체,1614,3.3
2005,남자,뇌 및 중추신경계,연령전체,845,3.5
2005,여자,뇌 및 중추신경계,연령전체,769,3.2
2006,남녀전체,뇌 및 중추신경계,연령전체,1563,3.2
2006,남자,뇌 및 중추신경계,연령전체,812,3.3
2006,여자,뇌 및 중추신경계,연령전체,751,3.1
2007,남녀전체,뇌 및 중추신경계,연령전체,1684,3.4
2007,남자,뇌 및 중추신경계,연령전체,880,3.6
2007,여자,뇌 및 중추신경계,연령전체,804,3.3
2008,남녀전체,뇌 및 중추신경계,연령전체,1691,3.4
2008,남자,뇌 및 중추신경계,연령전체,902,3.6
2008,여자,뇌 및 중추신경계,연령전체,789,3.2
2009,남녀전체,뇌 및 중추신경계,연령전체,1725,3.5
2009,남자,뇌 및 중추신경계,연령전체,931,3.7
2009,여자,뇌 및 중추신경계,연령전체,794,3.2
2010,남녀전체,뇌 및 중추신경계,연령전체,1809,3.6
2010,남자,뇌 및 중추신경계,연령전체,970,3.9
2010,여자,뇌 및 중추신경계,연령전체,839,3.4
2011,남녀전체,뇌 및 중추신경계,연령전체,1686,3.4
2011,남자,뇌 및 중추신경계,연령전체,889,3.5
2011,여자,뇌 및 중추신경계,연령전체,797,3.2
2012,남녀전체,뇌 및 중추신경계,연령전체,1747,3.5
2012,남자,뇌 및 중추신경계,연령전체,954,3.8
2012,여자,뇌 및 중추신경계,연령전체,793,3.2
2013,남녀전체,뇌 및 중추신경계,연령전체,1873,3.7
2013,남자,뇌 및 중추신경계,연령전체,962,3.8
2013,여자,뇌 및 중추신경계,연령전체,911,3.6
2014,남녀전체,뇌 및 중추신경계,연령전체,1783,3.5
2014,남자,뇌 및 중추신경계,연령전체,944,3.7
2014,여자,뇌 및 중추신경계,연령전체,839,3.3
2015,남녀전체,뇌 및 중추신경계,연령전체,1820,3.6
2015,남자,뇌 및 중추신경계,연령전체,978,3.8
2015,여자,뇌 및 중추신경계,연령전체,842,3.3
2016,남녀전체,뇌 및 중추신경계,연령전체,2058,4
2016,남자,뇌 및 중추신경계,연령전체,1121,4.4
2016,여자,뇌 및 중추신경계,연령전체,937,3.7
2017,남녀전체,뇌 및 중추신경계,연령전체,1987,3.9
2017,남자,뇌 및 중추신경계,연령전체,1057,4.1
2017,여자,뇌 및 중추신경계,연령전체,930,3.6
2018,남녀전체,뇌 및 중추신경계,연령전체,2042,4
2018,남자,뇌 및 중추신경계,연령전체,1095,4.3
2018,여자,뇌 및 중추신경계,연령전체,947,3.7
2019,남녀전체,뇌 및 중추신경계,연령전체,1999,3.9
2019,남자,뇌 및 중추신경계,연령전체,1078,4.2
2019,여자,뇌 및 중추신경계,연령전체,921,3.6
2020,남녀전체,뇌 및 중추신경계,연령전체,1970,3.8
2020,남자,뇌 및 중추신경계,연령전체,1056,4.1
2020,여자,뇌 및 중추신경계,연령전체,914,3.6
1999,남녀전체,갑상선,연령전체,3408,7.2
1999,남자,갑상선,연령전체,517,2.2
1999,여자,갑상선,연령전체,2891,12.3
2000,남녀전체,갑상선,연령전체,3425,7.2
2000,남자,갑상선,연령전체,501,2.1
2000,여자,갑상선,연령전체,2924,12.4
2001,남녀전체,갑상선,연령전체,4506,9.4
2001,남자,갑상선,연령전체,631,2.6
2001,여자,갑상선,연령전체,3875,16.3
2002,남녀전체,갑상선,연령전체,5551,11.5
2002,남자,갑상선,연령전체,728,3
2002,여자,갑상선,연령전체,4823,20.1
2003,남녀전체,갑상선,연령전체,7562,15.7
2003,남자,갑상선,연령전체,1036,4.3
2003,여자,갑상선,연령전체,6526,27.1
2004,남녀전체,갑상선,연령전체,10450,21.6
2004,남자,갑상선,연령전체,1419,5.8
2004,여자,갑상선,연령전체,9031,37.4
2005,남녀전체,갑상선,연령전체,12828,26.4
2005,남자,갑상선,연령전체,1785,7.3
2005,여자,갑상선,연령전체,11043,45.5
2006,남녀전체,갑상선,연령전체,16192,33.1
2006,남자,갑상선,연령전체,2344,9.6
2006,여자,갑상선,연령전체,13848,56.8
2007,남녀전체,갑상선,연령전체,21317,43.4
2007,남자,갑상선,연령전체,3199,13
2007,여자,갑상선,연령전체,18118,73.9
2008,남녀전체,갑상선,연령전체,27374,55.4
2008,남자,갑상선,연령전체,4348,17.6
2008,여자,갑상선,연령전체,23026,93.4
2009,남녀전체,갑상선,연령전체,32572,65.6
2009,남자,갑상선,연령전체,5254,21.1
2009,여자,갑상선,연령전체,27318,110.2
2010,남녀전체,갑상선,연령전체,36857,73.9
2010,남자,갑상선,연령전체,6365,25.5
2010,여자,갑상선,연령전체,30492,122.4
2011,남녀전체,갑상선,연령전체,41377,82.6
2011,남자,갑상선,연령전체,7119,28.4
2011,여자,갑상선,연령전체,34258,136.9
2012,남녀전체,갑상선,연령전체,44764,88.9
2012,남자,갑상선,연령전체,8190,32.5
2012,여자,갑상선,연령전체,36574,145.4
2013,남녀전체,갑상선,연령전체,43119,85.3
2013,남자,갑상선,연령전체,8568,33.9
2013,여자,갑상선,연령전체,34551,136.7
2014,남녀전체,갑상선,연령전체,31328,61.7
2014,남자,갑상선,연령전체,6286,24.8
2014,여자,갑상선,연령전체,25042,98.6
2015,남녀전체,갑상선,연령전체,25556,50.2
2015,남자,갑상선,연령전체,5482,21.5
2015,여자,갑상선,연령전체,20074,78.7
2016,남녀전체,갑상선,연령전체,26644,52.1
2016,남자,갑상선,연령전체,5672,22.2
2016,여자,갑상선,연령전체,20972,82
2017,남녀전체,갑상선,연령전체,26805,52.3
2017,남자,갑상선,연령전체,6158,24.1
2017,여자,갑상선,연령전체,20647,80.5
2018,남녀전체,갑상선,연령전체,29026,56.6
2018,남자,갑상선,연령전체,6820,26.6
2018,여자,갑상선,연령전체,22206,86.4
2019,남녀전체,갑상선,연령전체,31007,60.4
2019,남자,갑상선,연령전체,7600,29.7
2019,여자,갑상선,연령전체,23407,91
2020,남녀전체,갑상선,연령전체,29180,56.8
2020,남자,갑상선,연령전체,7458,29.1
2020,여자,갑상선,연령전체,21722,84.4
1999,남녀전체,호지킨림프종,연령전체,123,0.3
1999,남자,호지킨림프종,연령전체,86,0.4
1999,여자,호지킨림프종,연령전체,37,0.2
2000,남녀전체,호지킨림프종,연령전체,134,0.3
2000,남자,호지킨림프종,연령전체,90,0.4
2000,여자,호지킨림프종,연령전체,44,0.2
2001,남녀전체,호지킨림프종,연령전체,148,0.3
2001,남자,호지킨림프종,연령전체,100,0.4
2001,여자,호지킨림프종,연령전체,48,0.2
2002,남녀전체,호지킨림프종,연령전체,145,0.3
2002,남자,호지킨림프종,연령전체,83,0.3
2002,여자,호지킨림프종,연령전체,62,0.3
2003,남녀전체,호지킨림프종,연령전체,158,0.3
2003,남자,호지킨림프종,연령전체,112,0.5
2003,여자,호지킨림프종,연령전체,46,0.2
2004,남녀전체,호지킨림프종,연령전체,204,0.4
2004,남자,호지킨림프종,연령전체,145,0.6
2004,여자,호지킨림프종,연령전체,59,0.2
2005,남녀전체,호지킨림프종,연령전체,158,0.3
2005,남자,호지킨림프종,연령전체,105,0.4
2005,여자,호지킨림프종,연령전체,53,0.2
2006,남녀전체,호지킨림프종,연령전체,177,0.4
2006,남자,호지킨림프종,연령전체,109,0.4
2006,여자,호지킨림프종,연령전체,68,0.3
2007,남녀전체,호지킨림프종,연령전체,205,0.4
2007,남자,호지킨림프종,연령전체,131,0.5
2007,여자,호지킨림프종,연령전체,74,0.3
2008,남녀전체,호지킨림프종,연령전체,219,0.4
2008,남자,호지킨림프종,연령전체,131,0.5
2008,여자,호지킨림프종,연령전체,88,0.4
2009,남녀전체,호지킨림프종,연령전체,220,0.4
2009,남자,호지킨림프종,연령전체,146,0.6
2009,여자,호지킨림프종,연령전체,74,0.3
2010,남녀전체,호지킨림프종,연령전체,249,0.5
2010,남자,호지킨림프종,연령전체,172,0.7
2010,여자,호지킨림프종,연령전체,77,0.3
2011,남녀전체,호지킨림프종,연령전체,265,0.5
2011,남자,호지킨림프종,연령전체,167,0.7
2011,여자,호지킨림프종,연령전체,98,0.4
2012,남녀전체,호지킨림프종,연령전체,269,0.5
2012,남자,호지킨림프종,연령전체,179,0.7
2012,여자,호지킨림프종,연령전체,90,0.4
2013,남녀전체,호지킨림프종,연령전체,264,0.5
2013,남자,호지킨림프종,연령전체,171,0.7
2013,여자,호지킨림프종,연령전체,93,0.4
2014,남녀전체,호지킨림프종,연령전체,282,0.6
2014,남자,호지킨림프종,연령전체,171,0.7
2014,여자,호지킨림프종,연령전체,111,0.4
2015,남녀전체,호지킨림프종,연령전체,273,0.5
2015,남자,호지킨림프종,연령전체,174,0.7
2015,여자,호지킨림프종,연령전체,99,0.4
2016,남녀전체,호지킨림프종,연령전체,315,0.6
2016,남자,호지킨림프종,연령전체,205,0.8
2016,여자,호지킨림프종,연령전체,110,0.4
2017,남녀전체,호지킨림프종,연령전체,289,0.6
2017,남자,호지킨림프종,연령전체,172,0.7
2017,여자,호지킨림프종,연령전체,117,0.5
2018,남녀전체,호지킨림프종,연령전체,302,0.6
2018,남자,호지킨림프종,연령전체,183,0.7
2018,여자,호지킨림프종,연령전체,119,0.5
2019,남녀전체,호지킨림프종,연령전체,309,0.6
2019,남자,호지킨림프종,연령전체,181,0.7
2019,여자,호지킨림프종,연령전체,128,0.5
2020,남녀전체,호지킨림프종,연령전체,323,0.6
2020,남자,호지킨림프종,연령전체,214,0.8
2020,여자,호지킨림프종,연령전체,109,0.4
1999,남녀전체,비호지킨림프종,연령전체,2105,4.5
1999,남자,비호지킨림프종,연령전체,1254,5.3
1999,여자,비호지킨림프종,연령전체,851,3.6
2000,남녀전체,비호지킨림프종,연령전체,2037,4.3
2000,남자,비호지킨림프종,연령전체,1222,5.1
2000,여자,비호지킨림프종,연령전체,815,3.4
2001,남녀전체,비호지킨림프종,연령전체,2239,4.7
2001,남자,비호지킨림프종,연령전체,1334,5.6
2001,여자,비호지킨림프종,연령전체,905,3.8
2002,남녀전체,비호지킨림프종,연령전체,2239,4.7
2002,남자,비호지킨림프종,연령전체,1320,5.5
2002,여자,비호지킨림프종,연령전체,919,3.8
2003,남녀전체,비호지킨림프종,연령전체,2358,4.9
2003,남자,비호지킨림프종,연령전체,1376,5.7
2003,여자,비호지킨림프종,연령전체,982,4.1
2004,남녀전체,비호지킨림프종,연령전체,2570,5.3
2004,남자,비호지킨림프종,연령전체,1513,6.2
2004,여자,비호지킨림프종,연령전체,1057,4.4
2005,남녀전체,비호지킨림프종,연령전체,2596,5.3
2005,남자,비호지킨림프종,연령전체,1505,6.2
2005,여자,비호지킨림프종,연령전체,1091,4.5
2006,남녀전체,비호지킨림프종,연령전체,2773,5.7
2006,남자,비호지킨림프종,연령전체,1650,6.7
2006,여자,비호지킨림프종,연령전체,1123,4.6
2007,남녀전체,비호지킨림프종,연령전체,2936,6
2007,남자,비호지킨림프종,연령전체,1742,7.1
2007,여자,비호지킨림프종,연령전체,1194,4.9
2008,남녀전체,비호지킨림프종,연령전체,3004,6.1
2008,남자,비호지킨림프종,연령전체,1747,7.1
2008,여자,비호지킨림프종,연령전체,1257,5.1
2009,남녀전체,비호지킨림프종,연령전체,3240,6.5
2009,남자,비호지킨림프종,연령전체,1878,7.5
2009,여자,비호지킨림프종,연령전체,1362,5.5
2010,남녀전체,비호지킨림프종,연령전체,3384,6.8
2010,남자,비호지킨림프종,연령전체,1954,7.8
2010,여자,비호지킨림프종,연령전체,1430,5.7
2011,남녀전체,비호지킨림프종,연령전체,3664,7.3
2011,남자,비호지킨림프종,연령전체,2113,8.4
2011,여자,비호지킨림프종,연령전체,1551,6.2
2012,남녀전체,비호지킨림프종,연령전체,3781,7.5
2012,남자,비호지킨림프종,연령전체,2194,8.7
2012,여자,비호지킨림프종,연령전체,1587,6.3
2013,남녀전체,비호지킨림프종,연령전체,4010,7.9
2013,남자,비호지킨림프종,연령전체,2316,9.2
2013,여자,비호지킨림프종,연령전체,1694,6.7
2014,남녀전체,비호지킨림프종,연령전체,4113,8.1
2014,남자,비호지킨림프종,연령전체,2398,9.5
2014,여자,비호지킨림프종,연령전체,1715,6.8
2015,남녀전체,비호지킨림프종,연령전체,4456,8.7
2015,남자,비호지킨림프종,연령전체,2567,10.1
2015,여자,비호지킨림프종,연령전체,1889,7.4
2016,남녀전체,비호지킨림프종,연령전체,4836,9.5
2016,남자,비호지킨림프종,연령전체,2811,11
2016,여자,비호지킨림프종,연령전체,2025,7.9
2017,남녀전체,비호지킨림프종,연령전체,4817,9.4
2017,남자,비호지킨림프종,연령전체,2739,10.7
2017,여자,비호지킨림프종,연령전체,2078,8.1
2018,남녀전체,비호지킨림프종,연령전체,5254,10.2
2018,남자,비호지킨림프종,연령전체,3019,11.8
2018,여자,비호지킨림프종,연령전체,2235,8.7
2019,남녀전체,비호지킨림프종,연령전체,5418,10.6
2019,남자,비호지킨림프종,연령전체,3131,12.2
2019,여자,비호지킨림프종,연령전체,2287,8.9
2020,남녀전체,비호지킨림프종,연령전체,5636,11
2020,남자,비호지킨림프종,연령전체,3248,12.7
2020,여자,비호지킨림프종,연령전체,2388,9.3
1999,남녀전체,다발성 골수종,연령전체,468,1
1999,남자,다발성 골수종,연령전체,256,1.1
1999,여자,다발성 골수종,연령전체,212,0.9
2000,남녀전체,다발성 골수종,연령전체,492,1
2000,남자,다발성 골수종,연령전체,275,1.2
2000,여자,다발성 골수종,연령전체,217,0.9
2001,남녀전체,다발성 골수종,연령전체,564,1.2
2001,남자,다발성 골수종,연령전체,313,1.3
2001,여자,다발성 골수종,연령전체,251,1.1
2002,남녀전체,다발성 골수종,연령전체,569,1.2
2002,남자,다발성 골수종,연령전체,328,1.4
2002,여자,다발성 골수종,연령전체,241,1
2003,남녀전체,다발성 골수종,연령전체,616,1.3
2003,남자,다발성 골수종,연령전체,331,1.4
2003,여자,다발성 골수종,연령전체,285,1.2
2004,남녀전체,다발성 골수종,연령전체,678,1.4
2004,남자,다발성 골수종,연령전체,363,1.5
2004,여자,다발성 골수종,연령전체,315,1.3
2005,남녀전체,다발성 골수종,연령전체,794,1.6
2005,남자,다발성 골수종,연령전체,407,1.7
2005,여자,다발성 골수종,연령전체,387,1.6
2006,남녀전체,다발성 골수종,연령전체,770,1.6
2006,남자,다발성 골수종,연령전체,385,1.6
2006,여자,다발성 골수종,연령전체,385,1.6
2007,남녀전체,다발성 골수종,연령전체,890,1.8
2007,남자,다발성 골수종,연령전체,460,1.9
2007,여자,다발성 골수종,연령전체,430,1.8
2008,남녀전체,다발성 골수종,연령전체,917,1.9
2008,남자,다발성 골수종,연령전체,492,2
2008,여자,다발성 골수종,연령전체,425,1.7
2009,남녀전체,다발성 골수종,연령전체,1038,2.1
2009,남자,다발성 골수종,연령전체,576,2.3
2009,여자,다발성 골수종,연령전체,462,1.9
2010,남녀전체,다발성 골수종,연령전체,1080,2.2
2010,남자,다발성 골수종,연령전체,571,2.3
2010,여자,다발성 골수종,연령전체,509,2
2011,남녀전체,다발성 골수종,연령전체,1078,2.2
2011,남자,다발성 골수종,연령전체,609,2.4
2011,여자,다발성 골수종,연령전체,469,1.9
2012,남녀전체,다발성 골수종,연령전체,1296,2.6
2012,남자,다발성 골수종,연령전체,706,2.8
2012,여자,다발성 골수종,연령전체,590,2.3
2013,남녀전체,다발성 골수종,연령전체,1353,2.7
2013,남자,다발성 골수종,연령전체,706,2.8
2013,여자,다발성 골수종,연령전체,647,2.6
2014,남녀전체,다발성 골수종,연령전체,1429,2.8
2014,남자,다발성 골수종,연령전체,777,3.1
2014,여자,다발성 골수종,연령전체,652,2.6
2015,남녀전체,다발성 골수종,연령전체,1483,2.9
2015,남자,다발성 골수종,연령전체,777,3.1
2015,여자,다발성 골수종,연령전체,706,2.8
2016,남녀전체,다발성 골수종,연령전체,1557,3
2016,남자,다발성 골수종,연령전체,845,3.3
2016,여자,다발성 골수종,연령전체,712,2.8
2017,남녀전체,다발성 골수종,연령전체,1650,3.2
2017,남자,다발성 골수종,연령전체,867,3.4
2017,여자,다발성 골수종,연령전체,783,3.1
2018,남녀전체,다발성 골수종,연령전체,1733,3.4
2018,남자,다발성 골수종,연령전체,936,3.7
2018,여자,다발성 골수종,연령전체,797,3.1
2019,남녀전체,다발성 골수종,연령전체,1839,3.6
2019,남자,다발성 골수종,연령전체,1003,3.9
2019,여자,다발성 골수종,연령전체,836,3.2
2020,남녀전체,다발성 골수종,연령전체,1747,3.4
2020,남자,다발성 골수종,연령전체,961,3.8
2020,여자,다발성 골수종,연령전체,786,3.1
1999,남녀전체,백혈병,연령전체,2124,4.5
1999,남자,백혈병,연령전체,1188,5
1999,여자,백혈병,연령전체,936,4
2000,남녀전체,백혈병,연령전체,2010,4.2
2000,남자,백혈병,연령전체,1108,4.6
2000,여자,백혈병,연령전체,902,3.8
2001,남녀전체,백혈병,연령전체,2208,4.6
2001,남자,백혈병,연령전체,1211,5
2001,여자,백혈병,연령전체,997,4.2
2002,남녀전체,백혈병,연령전체,2318,4.8
2002,남자,백혈병,연령전체,1331,5.5
2002,여자,백혈병,연령전체,987,4.1
2003,남녀전체,백혈병,연령전체,2283,4.7
2003,남자,백혈병,연령전체,1249,5.2
2003,여자,백혈병,연령전체,1034,4.3
2004,남녀전체,백혈병,연령전체,2372,4.9
2004,남자,백혈병,연령전체,1321,5.4
2004,여자,백혈병,연령전체,1051,4.3
2005,남녀전체,백혈병,연령전체,2346,4.8
2005,남자,백혈병,연령전체,1331,5.5
2005,여자,백혈병,연령전체,1015,4.2
2006,남녀전체,백혈병,연령전체,2444,5
2006,남자,백혈병,연령전체,1344,5.5
2006,여자,백혈병,연령전체,1100,4.5
2007,남녀전체,백혈병,연령전체,2477,5
2007,남자,백혈병,연령전체,1388,5.6
2007,여자,백혈병,연령전체,1089,4.4
2008,남녀전체,백혈병,연령전체,2600,5.3
2008,남자,백혈병,연령전체,1453,5.9
2008,여자,백혈병,연령전체,1147,4.7
2009,남녀전체,백혈병,연령전체,2715,5.5
2009,남자,백혈병,연령전체,1503,6
2009,여자,백혈병,연령전체,1212,4.9
2010,남녀전체,백혈병,연령전체,2761,5.5
2010,남자,백혈병,연령전체,1573,6.3
2010,여자,백혈병,연령전체,1188,4.8
2011,남녀전체,백혈병,연령전체,2901,5.8
2011,남자,백혈병,연령전체,1619,6.5
2011,여자,백혈병,연령전체,1282,5.1
2012,남녀전체,백혈병,연령전체,2872,5.7
2012,남자,백혈병,연령전체,1624,6.4
2012,여자,백혈병,연령전체,1248,5
2013,남녀전체,백혈병,연령전체,3077,6.1
2013,남자,백혈병,연령전체,1759,7
2013,여자,백혈병,연령전체,1318,5.2
2014,남녀전체,백혈병,연령전체,3116,6.1
2014,남자,백혈병,연령전체,1789,7.1
2014,여자,백혈병,연령전체,1327,5.2
2015,남녀전체,백혈병,연령전체,3288,6.5
2015,남자,백혈병,연령전체,1858,7.3
2015,여자,백혈병,연령전체,1430,5.6
2016,남녀전체,백혈병,연령전체,3441,6.7
2016,남자,백혈병,연령전체,2002,7.8
2016,여자,백혈병,연령전체,1439,5.6
2017,남녀전체,백혈병,연령전체,3400,6.6
2017,남자,백혈병,연령전체,1938,7.6
2017,여자,백혈병,연령전체,1462,5.7
2018,남녀전체,백혈병,연령전체,3527,6.9
2018,남자,백혈병,연령전체,2060,8
2018,여자,백혈병,연령전체,1467,5.7
2019,남녀전체,백혈병,연령전체,3754,7.3
2019,남자,백혈병,연령전체,2121,8.3
2019,여자,백혈병,연령전체,1633,6.3
2020,남녀전체,백혈병,연령전체,3605,7
2020,남자,백혈병,연령전체,2020,7.9
2020,여자,백혈병,연령전체,1585,6.2
1999,남녀전체,기타 암,연령전체,7085,15
1999,남자,기타 암,연령전체,3774,15.9
1999,여자,기타 암,연령전체,3311,14.1
2000,남녀전체,기타 암,연령전체,6988,14.7
2000,남자,기타 암,연령전체,3628,15.2
2000,여자,기타 암,연령전체,3360,14.2
2001,남녀전체,기타 암,연령전체,7433,15.5
2001,남자,기타 암,연령전체,3855,16
2001,여자,기타 암,연령전체,3578,15
2002,남녀전체,기타 암,연령전체,7609,15.8
2002,남자,기타 암,연령전체,4004,16.6
2002,여자,기타 암,연령전체,3605,15
2003,남녀전체,기타 암,연령전체,8444,17.5
2003,남자,기타 암,연령전체,4420,18.2
2003,여자,기타 암,연령전체,4024,16.7
2004,남녀전체,기타 암,연령전체,8840,18.2
2004,남자,기타 암,연령전체,4596,18.9
2004,여자,기타 암,연령전체,4244,17.6
2005,남녀전체,기타 암,연령전체,9751,20
2005,남자,기타 암,연령전체,5010,20.5
2005,여자,기타 암,연령전체,4741,19.5
2006,남녀전체,기타 암,연령전체,10114,20.7
2006,남자,기타 암,연령전체,5136,21
2006,여자,기타 암,연령전체,4978,20.4
2007,남녀전체,기타 암,연령전체,11122,22.6
2007,남자,기타 암,연령전체,5749,23.3
2007,여자,기타 암,연령전체,5373,21.9
2008,남녀전체,기타 암,연령전체,11568,23.4
2008,남자,기타 암,연령전체,5841,23.6
2008,여자,기타 암,연령전체,5727,23.2
2009,남녀전체,기타 암,연령전체,12233,24.6
2009,남자,기타 암,연령전체,6249,25.1
2009,여자,기타 암,연령전체,5984,24.1
2010,남녀전체,기타 암,연령전체,12927,25.9
2010,남자,기타 암,연령전체,6413,25.7
2010,여자,기타 암,연령전체,6514,26.2
2011,남녀전체,기타 암,연령전체,14140,28.2
2011,남자,기타 암,연령전체,7062,28.2
2011,여자,기타 암,연령전체,7078,28.3
2012,남녀전체,기타 암,연령전체,14450,28.7
2012,남자,기타 암,연령전체,7187,28.5
2012,여자,기타 암,연령전체,7263,28.9
2013,남녀전체,기타 암,연령전체,15181,30
2013,남자,기타 암,연령전체,7582,30
2013,여자,기타 암,연령전체,7599,30.1
2014,남녀전체,기타 암,연령전체,16111,31.7
2014,남자,기타 암,연령전체,8053,31.7
2014,여자,기타 암,연령전체,8058,31.7
2015,남녀전체,기타 암,연령전체,16897,33.2
2015,남자,기타 암,연령전체,8554,33.6
2015,여자,기타 암,연령전체,8343,32.7
2016,남녀전체,기타 암,연령전체,18598,36.4
2016,남자,기타 암,연령전체,9326,36.5
2016,여자,기타 암,연령전체,9272,36.2
2017,남녀전체,기타 암,연령전체,18934,37
2017,남자,기타 암,연령전체,9511,37.2
2017,여자,기타 암,연령전체,9423,36.7
2018,남녀전체,기타 암,연령전체,20430,39.8
2018,남자,기타 암,연령전체,10328,40.3
2018,여자,기타 암,연령전체,10102,39.3
2019,남녀전체,기타 암,연령전체,21155,41.2
2019,남자,기타 암,연령전체,10628,41.5
2019,여자,기타 암,연령전체,10527,40.9
2020,남녀전체,기타 암,연령전체,20735,40.4
2020,남자,기타 암,연령전체,10426,40.7
2020,여자,기타 암,연령전체,10309,40
